Gene,Primer,Chromosome,Sequence,Reference,Nucleotide position,Length,Multiplex,PCR_Round,Codons
Kelch protein (pfk13: PF3D7_1343700),K13-out-F,13,AGTGGAAGACATCATGTAACCAG,1,1725857-1725835,845,1,1,
Kelch protein (pfk13: PF3D7_1343700),K13-out-R,13,AATTGCCATCTTTTATTAAATGGTTGA,1,1725013-1725039,845,1,1,
Kelch protein (pfk13: PF3D7_1343700),K13-in-F1,13,AGCCTTGTTGAAAGAAGCAGA,1,1725720-1725700,412,1,2,426-560
Kelch protein (pfk13: PF3D7_1343700),K13-in-R1,13,TGATCATATGCTTCTACATTCGGT,1,1725319-1725342,412,1,2,426-560
Kelch protein (pfk13: PF3D7_1343700),K13-in-F2,13,GGGGGATATGATGGCTCTTCT,1,1725368-1725348,333,1,2,542-651
Kelch protein (pfk13: PF3D7_1343700),K13-in-R2,13,TCAACGGAATCTAATATGTTATGTTCA,1,1725046-1725072,333,1,2,542-651
Multidrug resistance gene 1 (pfmdr1: Pf3D7_0523000),mdr1-out-F1,5,ACCGTTTAAATGTTTACCTGCACA,1,958021-958044,579,1,1,
Multidrug resistance gene 1 (pfmdr1: Pf3D7_0523000),mdr1-out-R1,5,GCCTCTTCTATAATGGACATGGT,1,958599-958577,579,1,1,
Multidrug resistance gene 1 (pfmdr1: Pf3D7_0523000),mdr1-out-F2,5,CCCAGGTGTTTTATCTGCACA,,960544-960564,1468,2,1,
Multidrug resistance gene 1 (pfmdr1: Pf3D7_0523000),mdr1-out-R2,5,AGATGCAATTCTGTGGGCAA,,962011-961992,1468,2,1,
Multidrug resistance gene 1 (pfmdr1: Pf3D7_0523000),mdr1-in-F1,5,GTGCTGTATTATCAGGAGGAACA,1,958077-958099,423,1,2,"86, 184"
Multidrug resistance gene 1 (pfmdr1: Pf3D7_0523000),mdr1-in-R1,5,GCAAGTAATACATAAAGTCAAACGTGC,1,958489-958463,423,1,2,"86, 184"
Multidrug resistance gene 1 (pfmdr1: Pf3D7_0523000),mdr1-in-F2,5,TTTGTCCAATTGTTGCAGCTGTATTAACTTT,2,960672-960702,488,2,2,"1034,  1042"
Multidrug resistance gene 1 (pfmdr1: Pf3D7_0523000),mdr1-in-R2,5,TGCATTTTCTGAATCTCCTTTTAAGGACATT,2,961159-961129,488,2,2,"1034,  1042"
Multidrug resistance gene 1 (pfmdr1: Pf3D7_0523000),mdr1-in-F3,5,GGTAAAGTTGATATTAAAGATGTAAATTTCC,2,961259-961289,552,2,2,1246
Multidrug resistance gene 1 (pfmdr1: Pf3D7_0523000),mdr1-in-R3,5,TGGTCCAACATTTGTATCATATTTATTTGG,2,961810-961781,552,2,2,1246
Chloroquine resistance transporter (pfcrt: PF3D7_070900),crt-out-F,7,CAAGCAAAAATGACGAGCGT,,403259-403278,777,2,1,
Chloroquine resistance transporter (pfcrt: PF3D7_070900),crt-out-R,7,CCAGTAGTTCTTGTAAGACCTATGA,,404035-404011,777,2,1,
Chloroquine resistance transporter (pfcrt: PF3D7_070900),crt-in-F,7,TGGCTCACGTTTAGGTGGAGGTTCTTG,2,403491-403517,214,2,2,"72, 73, 74, 75, 76"
Chloroquine resistance transporter (pfcrt: PF3D7_070900),crt-in-R,7,CATACAAATAAAGTTGTGAGTTTCGGATGTTAC,,403704-403672,214,2,2,"72, 73, 74, 75, 76"
Dihydropteroate synthase (pfdhps: PF3D7_0810800),dhps-out-F,8,ACAACACACAGATATAGCATACTTTT,,549342-549367,1189,3,1,
Dihydropteroate synthase (pfdhps: PF3D7_0810800),dhps-out-R,8,AATAGCTGTAGGAAGCAATTGC,,550530-550509,1189,3,1,
Dihydropteroate synthase (pfdhps: PF3D7_0810800),dhps-in-F1,8,ACCATCAGATGTTTATATAACAAATATGTG,2,549417-549446,493,3,2,"431, 436, 437"
Dihydropteroate synthase (pfdhps: PF3D7_0810800),dhps-in-R1,8,CTGGATTATTTGTACAAGCACTAATATCA,2,549909-549881,493,3,2,"431, 436, 437"
Dihydropteroate synthase (pfdhps: PF3D7_0810800),dhps-in-F2,8,AGAATGTGTTGATAATGATTTAGTTGATAT,2,549845-549874,521,3,2,"540, 581, 613"
Dihydropteroate synthase (pfdhps: PF3D7_0810800),dhps-in-R2,8,GATATAAAAGTTGATCCTTGTCTTTCCT,2,550365-550338,521,3,2,"540, 581, 613"
Dihydrofolate reductase (pfdhfr: PF3D7_0417200),dhfr-out-F,4,GCCATTTTTGTATTCCCAAATAGC,,747913-747936,766,3,1,
Dihydrofolate reductase (pfdhfr: PF3D7_0417200),dhfr-out-R,4,TGTCATCATTCTTTAAAGGCATATCA,,748853-748828,766,3,1,
Dihydrofolate reductase (pfdhfr: PF3D7_0417200),dhfr-in-F,4,ATGATGGAACAAGTCTGCGACGTTTTCGA,2,748088-748116,523,3,2,"16, 50, 51, 59, 108, 164"
Dihydrofolate reductase (pfdhfr: PF3D7_0417200),dhfr-in-R,4,CTAAAAATTCTTGATAAACAACGGAACCTCC,2,748610-748580,523,3,2,"16, 50, 51, 59, 108, 164"
Putative amino acid transporter (pfaat1: PF3D7_0629500),aat1-out-F,6,GTAGAACATTTAGTCGATTTACACC,,1215527-1215503,969,4,1,
Putative amino acid transporter (pfaat1: PF3D7_0629500),aat1-out-R,6,TGGCTGAATATCCAGTTCTT,,1214559-1214578,969,4,1,
Putative amino acid transporter (pfaat1: PF3D7_0629500),aat1-in-F,6,TGTACCTCGTCATTAGAACA,,1215345-1215326,448,4,2,"258, 313"
Putative amino acid transporter (pfaat1: PF3D7_0629500),aat1-in-R,6,CATTTGGTTGTTGAGAGAAGG,,1214898-1214918,448,4,2,"258, 313"
6-cysteine protein (pfs47: PF3D7_1346800),pfs47-out-F,13,ATGTGTATGGGAAGAATGATCA,3,1880194-1880173,1320,4,1,
6-cysteine protein (pfs47: PF3D7_1346800),pfs47-out-R,13,ACAAGTTCATTCATATGCTAACATA,3,1878865-1878889,1320,4,1,
6-cysteine protein (pfs47: PF3D7_1346800),pfs47-in-F1,13,Same as pfs47-out-F,3,1880194-1880173,390,4,2,1-120
6-cysteine protein (pfs47: PF3D7_1346800),pfs47-in-R1,13,ATCACTGAACGATGAATTTATTGCA,,1879805-1879829,390,4,2,1-120
6-cysteine protein (pfs47: PF3D7_1346800),pfs47-in-F2,13,GGATTAGTAAAAATAATTTTAAGAAACC,,1879678-1879651,429,4,2,172-302
6-cysteine protein (pfs47: PF3D7_1346800),pfs47-in-R2,13,ACATATACGTTCTTCTTCATTTGG,,1879250-1879273,429,4,2,172-302